{"cameraMode":{"drawMode":0,"name":"Shaded","section":"Shading Mode"},"sceneLighting":true,"audioPlay":false,"sceneViewState":{"m_AlwaysRefresh":false,"showFog":true,"showSkybox":true,"showFlares":true,"showImageEffects":true,"showParticleSystems":true,"showVisualEffectGraphs":true,"m_FxEnabled":true},"in2DMode":false,"pivot":{"x":8.080422401428223,"y":-12.216659545898438,"z":28.30968475341797},"rotation":{"x":0.4241296350955963,"y":0.03337754309177399,"z":-0.015629319474101068,"w":0.9048659801483154},"size":35.43804931640625,"orthographic":false}